{
  "num": 32,
  "1": {
    "topic": "中和反应一定会释放热量",
    "if": "0"
  },
  "2": {
    "topic": "在中和反应中，生成的氢离子来源于碱",
    "if": "1"
  },
  "3": {
    "topic": "硫酸与氢氧化钠反应能够产生硫酸钠和水",
    "if": "1"
  },
  "4": {
    "topic": "中和反应后的溶液pH值一定是7",
    "if": "1"
  },
  "5": {
    "topic": "中和反应一定产生盐",
    "if": "0"
  },
  "6": {
    "topic": "氧气是一种无色、无味、无臭的气体",
    "if": "0"
  },
  "7": {
    "topic": "硝酸是一种无机酸",
    "if": "0"
  },
  "8": {
    "topic": "铝在空气中容易被氧化",
    "if": "1"
  },
  "9": {
    "topic": "氯气是一种具有刺激性气味的气体",
    "if": "0"
  },
  "10": {
    "topic": "氯化钠是一种无害的化学物质",
    "if": "0"
  },
  "11": {
    "topic": "氧化铁的化学式是FeO",
    "if": "1"
  },
  "12": {
    "topic": "硫化氢气体有刺激性臭味",
    "if": "0"
  },
  "13": {
    "topic": "二氧化碳是一种无色气体",
    "if": "1"
  },
  "14": {
    "topic": "氢气是一种轻气体，能够漂浮在空气中",
    "if": "0"
  },
  "15": {
    "topic": "硝酸铜溶液是蓝色的",
    "if": "0"
  },
  "16": {
    "topic": "碳酸氢钠与醋酸反应会产生二氧化碳气体",
    "if": "0"
  },
  "17": {
    "topic": "石膏是硫酸钙的水合物",
    "if": "1"
  },
  "18": {
    "topic": "二氧化碳是一种无味气体",
    "if": "1"
  },
  "19": {
    "topic": "碳酸钠与盐酸反应会生成氯化钠、水和二氧化碳",
    "if": "0"
  },
  "20": {
    "topic": "氧化铁是一种具有金属性质的化合物",
    "if": "1"
  },
  "21": {
    "topic": "石膏溶于水会变成硫酸钙溶液",
    "if": "0"
  },
  "22": {
    "topic": "硝酸与氢氧化钾反应会产生硝酸钾和水",
    "if": "0"
  },
  "23": {
    "topic": "氢氧化钙是一种碱性物质",
    "if": "0"
  },
  "24": {
    "topic": "二氧化碳是一种重于空气的气体",
    "if": "1"
  },
  "25": {
    "topic": "氯化铁是一种无色的化合物",
    "if": "0"
  },
  "26": {
    "topic": "硫酸铜溶液是绿色的",
    "if": "0"
  },
  "27": {
    "topic": "氢氧化铝溶于水会生成氢氧化钠",
    "if": "1"
  },
  "28": {
    "topic": "石膏是硫酸钙的水合物",
    "if": "0"
  },
  "29": {
    "topic": "盐酸与氢氧化钙反应会产生氯化钙和水",
    "if": "0"
  },
  "30": {
    "topic": "二氧化碳溶于水会形成碳酸",
    "if": "1"
  },
  "31": {
    "topic": "硫酸铁溶液呈黄色",
    "if": "0"
  },
  "32": {
    "topic": "氢氧化钠是一种强碱",
    "if": "0"
  }
}